Date,Espa√±a,Italia,Turquia
2020-01-22 00:00:00+00:00,0.0,0.0,0
2020-01-23 00:00:00+00:00,0.0,0.0,0
2020-01-24 00:00:00+00:00,0.0,0.0,0
2020-01-25 00:00:00+00:00,0.0,0.0,0
2020-01-26 00:00:00+00:00,0.0,0.0,0
2020-01-27 00:00:00+00:00,0.0,0.0,0
2020-01-28 00:00:00+00:00,0.0,0.0,0
2020-01-29 00:00:00+00:00,0.0,0.0,0
2020-01-30 00:00:00+00:00,0.0,0.0,0
2020-01-31 00:00:00+00:00,0.0,2.0,0
2020-02-01 00:00:00+00:00,1.0,2.0,0
2020-02-02 00:00:00+00:00,1.0,2.0,0
2020-02-03 00:00:00+00:00,1.0,2.0,0
2020-02-04 00:00:00+00:00,1.0,2.0,0
2020-02-05 00:00:00+00:00,1.0,2.0,0
2020-02-06 00:00:00+00:00,1.0,2.0,0
2020-02-07 00:00:00+00:00,1.0,3.0,0
2020-02-08 00:00:00+00:00,1.0,3.0,0
2020-02-09 00:00:00+00:00,2.0,3.0,0
2020-02-10 00:00:00+00:00,2.0,3.0,0
2020-02-11 00:00:00+00:00,2.0,3.0,0
2020-02-12 00:00:00+00:00,2.0,3.0,0
2020-02-13 00:00:00+00:00,2.0,3.0,0
2020-02-14 00:00:00+00:00,2.0,3.0,0
2020-02-15 00:00:00+00:00,2.0,3.0,0
2020-02-16 00:00:00+00:00,2.0,3.0,0
2020-02-17 00:00:00+00:00,2.0,3.0,0
2020-02-18 00:00:00+00:00,2.0,3.0,0
2020-02-19 00:00:00+00:00,2.0,3.0,0
2020-02-20 00:00:00+00:00,2.0,3.0,0
2020-02-21 00:00:00+00:00,2.0,20.0,0
2020-02-22 00:00:00+00:00,2.0,62.0,0
2020-02-23 00:00:00+00:00,2.0,155.0,0
2020-02-24 00:00:00+00:00,2.0,229.0,0
2020-02-25 00:00:00+00:00,6.0,322.0,0
2020-02-26 00:00:00+00:00,13.0,453.0,0
2020-02-27 00:00:00+00:00,15.0,655.0,0
2020-02-28 00:00:00+00:00,32.0,888.0,0
2020-02-29 00:00:00+00:00,45.0,1128.0,0
2020-03-01 00:00:00+00:00,84.0,1694.0,0
2020-03-02 00:00:00+00:00,120.0,2036.0,0
2020-03-03 00:00:00+00:00,165.0,2502.0,0
2020-03-04 00:00:00+00:00,222.0,3089.0,0
2020-03-05 00:00:00+00:00,259.0,3858.0,0
2020-03-06 00:00:00+00:00,400.0,4636.0,0
2020-03-07 00:00:00+00:00,500.0,5883.0,0
2020-03-08 00:00:00+00:00,673.0,7375.0,0
2020-03-09 00:00:00+00:00,1073.0,9172.0,0
2020-03-10 00:00:00+00:00,1695.0,10149.0,0
2020-03-11 00:00:00+00:00,2277.0,12462.0,1
2020-03-12 00:00:00+00:00,2277.0,15113.0,1
2020-03-13 00:00:00+00:00,5232.0,17660.0,5
2020-03-14 00:00:00+00:00,6391.0,21157.0,5
2020-03-15 00:00:00+00:00,7798.0,24747.0,6
2020-03-16 00:00:00+00:00,9942.0,27980.0,18
2020-03-17 00:00:00+00:00,11748.0,31506.0,47
2020-03-18 00:00:00+00:00,13910.0,35713.0,98
2020-03-19 00:00:00+00:00,17963.0,41035.0,192
2020-03-20 00:00:00+00:00,20410.0,47021.0,359
2020-03-21 00:00:00+00:00,25374.0,53578.0,670
2020-03-22 00:00:00+00:00,28768.0,59138.0,1236
2020-03-23 00:00:00+00:00,35136.0,63927.0,1529
2020-03-24 00:00:00+00:00,39885.0,69176.0,1872
2020-03-25 00:00:00+00:00,49515.0,74386.0,2433
2020-03-26 00:00:00+00:00,57786.0,80589.0,3629
2020-03-27 00:00:00+00:00,65719.0,86498.0,5698
2020-03-28 00:00:00+00:00,73235.0,92472.0,7402
2020-03-29 00:00:00+00:00,80110.0,97689.0,9217
2020-03-30 00:00:00+00:00,87956.0,101739.0,10827
2020-03-31 00:00:00+00:00,95923.0,105792.0,13531
2020-04-01 00:00:00+00:00,104118.0,110574.0,15679
2020-04-02 00:00:00+00:00,112065.0,115242.0,18135
2020-04-03 00:00:00+00:00,119199.0,119827.0,20921
2020-04-04 00:00:00+00:00,126168.0,124632.0,23934
2020-04-05 00:00:00+00:00,131646.0,128948.0,27069
2020-04-06 00:00:00+00:00,136675.0,132547.0,30217
2020-04-07 00:00:00+00:00,141942.0,135586.0,34109
2020-04-08 00:00:00+00:00,148220.0,139422.0,38226
2020-04-09 00:00:00+00:00,153222.0,143626.0,42282
2020-04-10 00:00:00+00:00,158273.0,147577.0,47029
2020-04-11 00:00:00+00:00,163027.0,152271.0,52167
2020-04-12 00:00:00+00:00,166831.0,156363.0,56956
2020-04-13 00:00:00+00:00,170099.0,159516.0,61049
2020-04-14 00:00:00+00:00,172541.0,162488.0,65111
2020-04-15 00:00:00+00:00,177644.0,165155.0,69392
2020-04-16 00:00:00+00:00,184948.0,168941.0,74193
2020-04-17 00:00:00+00:00,190839.0,172434.0,78546
2020-04-18 00:00:00+00:00,191726.0,175925.0,82329
2020-04-19 00:00:00+00:00,198674.0,178972.0,86306
2020-04-20 00:00:00+00:00,200210.0,181228.0,90980
2020-04-21 00:00:00+00:00,204178.0,183957.0,95591
2020-04-22 00:00:00+00:00,208389.0,187327.0,98674
2020-04-23 00:00:00+00:00,213024.0,189973.0,101790
2020-04-24 00:00:00+00:00,202990.0,192994.0,104912
2020-04-25 00:00:00+00:00,205905.0,195351.0,107773
2020-04-26 00:00:00+00:00,207634.0,197675.0,110130
2020-04-27 00:00:00+00:00,209465.0,199414.0,112261
2020-04-28 00:00:00+00:00,210773.0,201505.0,114653
2020-04-29 00:00:00+00:00,212917.0,203591.0,117589
2020-04-30 00:00:00+00:00,213435.0,205463.0,120204
2020-05-01 00:00:00+00:00,215216.0,207428.0,122392
2020-05-02 00:00:00+00:00,216582.0,209328.0,124375
2020-05-03 00:00:00+00:00,217466.0,210717.0,126045
2020-05-04 00:00:00+00:00,218011.0,211938.0,127659
2020-05-05 00:00:00+00:00,219329.0,213013.0,129491
2020-05-06 00:00:00+00:00,220325.0,214457.0,131744
2020-05-07 00:00:00+00:00,221447.0,215858.0,133721
2020-05-08 00:00:00+00:00,222857.0,217185.0,135569
2020-05-09 00:00:00+00:00,223578.0,218268.0,137115
2020-05-10 00:00:00+00:00,224350.0,219070.0,138657
2020-05-11 00:00:00+00:00,227436.0,219814.0,139771
2020-05-12 00:00:00+00:00,228030.0,221216.0,141475
2020-05-13 00:00:00+00:00,228691.0,222104.0,143114
2020-05-14 00:00:00+00:00,229540.0,223096.0,144749
2020-05-15 00:00:00+00:00,230183.0,223885.0,146457
2020-05-16 00:00:00+00:00,230698.0,224760.0,148067
2020-05-17 00:00:00+00:00,230698.0,225435.0,149435
2020-05-18 00:00:00+00:00,231606.0,225886.0,150593
2020-05-19 00:00:00+00:00,232037.0,226699.0,151615
2020-05-20 00:00:00+00:00,232555.0,227364.0,152587
2020-05-21 00:00:00+00:00,233037.0,228006.0,153548
2020-05-22 00:00:00+00:00,234824.0,228658.0,154500
2020-05-23 00:00:00+00:00,235290.0,229327.0,155686
2020-05-24 00:00:00+00:00,235772.0,229858.0,156827
2020-05-25 00:00:00+00:00,235400.0,230158.0,157814
2020-05-26 00:00:00+00:00,236259.0,230555.0,158762
2020-05-27 00:00:00+00:00,236259.0,231139.0,159797
2020-05-28 00:00:00+00:00,237906.0,231732.0,160979
2020-05-29 00:00:00+00:00,238564.0,232248.0,162120
2020-05-30 00:00:00+00:00,239228.0,232664.0,163103
2020-05-31 00:00:00+00:00,239479.0,232997.0,163942
2020-06-01 00:00:00+00:00,239638.0,233197.0,164769
2020-06-02 00:00:00+00:00,239932.0,233515.0,165555
2020-06-03 00:00:00+00:00,240326.0,233836.0,166422
2020-06-04 00:00:00+00:00,240660.0,234013.0,167410
2020-06-05 00:00:00+00:00,240978.0,234531.0,168340
2020-06-06 00:00:00+00:00,241310.0,234801.0,169218
2020-06-07 00:00:00+00:00,241550.0,234998.0,170132
2020-06-08 00:00:00+00:00,241717.0,235278.0,171121
2020-06-09 00:00:00+00:00,241966.0,235561.0,172114
2020-06-10 00:00:00+00:00,242280.0,235763.0,173036
2020-06-11 00:00:00+00:00,242707.0,236142.0,174023
2020-06-12 00:00:00+00:00,243209.0,236305.0,175218
2020-06-13 00:00:00+00:00,243605.0,236651.0,176677
2020-06-14 00:00:00+00:00,243928.0,236989.0,178239
2020-06-15 00:00:00+00:00,244109.0,237290.0,179831
2020-06-16 00:00:00+00:00,244328.0,237500.0,181298
2020-06-17 00:00:00+00:00,244683.0,237828.0,182727
2020-06-18 00:00:00+00:00,245268.0,238159.0,184031
2020-06-19 00:00:00+00:00,245575.0,238011.0,185245
2020-06-20 00:00:00+00:00,245938.0,238275.0,186493
2020-06-21 00:00:00+00:00,246272.0,238499.0,187685
2020-06-22 00:00:00+00:00,246504.0,238720.0,188897
2020-06-23 00:00:00+00:00,246752.0,238833.0,190165
2020-06-24 00:00:00+00:00,247086.0,239410.0,191657
2020-06-25 00:00:00+00:00,247486.0,239706.0,193115
2020-06-26 00:00:00+00:00,247905.0,239961.0,194511
2020-06-27 00:00:00+00:00,248469.0,240136.0,195883
2020-06-28 00:00:00+00:00,248770.0,240310.0,197239
2020-06-29 00:00:00+00:00,248970.0,240436.0,198613
2020-06-30 00:00:00+00:00,249271.0,240578.0,199906
2020-07-01 00:00:00+00:00,249659.0,240760.0,201098
2020-07-02 00:00:00+00:00,250103.0,240961.0,202284
2020-07-03 00:00:00+00:00,250545.0,241184.0,203456
2020-07-04 00:00:00+00:00,250545.0,241419.0,204610
2020-07-05 00:00:00+00:00,250545.0,241611.0,205758
2020-07-06 00:00:00+00:00,251789.0,241819.0,206844
2020-07-07 00:00:00+00:00,252130.0,241956.0,207897
2020-07-08 00:00:00+00:00,252513.0,242149.0,208938
2020-07-09 00:00:00+00:00,253056.0,242363.0,209962
2020-07-10 00:00:00+00:00,253908.0,242639.0,210965
2020-07-11 00:00:00+00:00,253908.0,242827.0,211981
2020-07-12 00:00:00+00:00,253908.0,243061.0,212993
2020-07-13 00:00:00+00:00,255953.0,243230.0,214001
2020-07-14 00:00:00+00:00,256619.0,243344.0,214993
2020-07-15 00:00:00+00:00,257494.0,243506.0,215940
2020-07-16 00:00:00+00:00,258855.0,243736.0,216873
2020-07-17 00:00:00+00:00,260255.0,243967.0,217799
2020-07-18 00:00:00+00:00,260255.0,244216.0,218717
2020-07-19 00:00:00+00:00,260255.0,244434.0,219641
2020-07-20 00:00:00+00:00,264836.0,244624.0,220572
2020-07-21 00:00:00+00:00,266194.0,244752.0,221500
2020-07-22 00:00:00+00:00,267551.0,245032.0,222402
2020-07-23 00:00:00+00:00,270166.0,245338.0,223315
2020-07-24 00:00:00+00:00,272421.0,245590.0,224252
2020-07-25 00:00:00+00:00,272421.0,245864.0,225173
2020-07-26 00:00:00+00:00,272421.0,246118.0,226100
2020-07-27 00:00:00+00:00,278782.0,246286.0,227019
2020-07-28 00:00:00+00:00,280610.0,246488.0,227982
2020-07-29 00:00:00+00:00,282641.0,246776.0,228924
2020-07-30 00:00:00+00:00,285430.0,247158.0,229891
2020-07-31 00:00:00+00:00,288522.0,247537.0,230873
2020-08-01 00:00:00+00:00,288522.0,247832.0,231869
2020-08-02 00:00:00+00:00,288522.0,248070.0,232856
2020-08-03 00:00:00+00:00,297054.0,248229.0,233851
2020-08-04 00:00:00+00:00,302814.0,248419.0,234934
2020-08-05 00:00:00+00:00,305767.0,248803.0,236112
2020-08-06 00:00:00+00:00,309855.0,249204.0,237265
2020-08-07 00:00:00+00:00,314362.0,249756.0,238450
2020-08-08 00:00:00+00:00,314362.0,250103.0,239622
2020-08-09 00:00:00+00:00,314362.0,250566.0,240804
2020-08-10 00:00:00+00:00,322980.0,250825.0,241997
2020-08-11 00:00:00+00:00,326612.0,251237.0,243180
2020-08-12 00:00:00+00:00,329784.0,251713.0,244392
2020-08-13 00:00:00+00:00,337334.0,252235.0,245635
2020-08-14 00:00:00+00:00,342813.0,252809.0,246861
2020-08-15 00:00:00+00:00,342813.0,253438.0,248117
2020-08-16 00:00:00+00:00,342813.0,253915.0,249309
2020-08-17 00:00:00+00:00,359082.0,254235.0,250542
2020-08-18 00:00:00+00:00,364196.0,254636.0,251805
2020-08-19 00:00:00+00:00,370867.0,255278.0,253108
2020-08-20 00:00:00+00:00,377906.0,256118.0,254520
2020-08-21 00:00:00+00:00,386054.0,257065.0,255723
2020-08-22 00:00:00+00:00,386054.0,258136.0,257032
2020-08-23 00:00:00+00:00,386054.0,259345.0,258249
2020-08-24 00:00:00+00:00,405436.0,260298.0,259692
2020-08-25 00:00:00+00:00,412553.0,261174.0,261194
2020-08-26 00:00:00+00:00,419849.0,262540.0,262507
2020-08-27 00:00:00+00:00,429507.0,263949.0,263998
2020-08-28 00:00:00+00:00,439286.0,265409.0,265515
2020-08-29 00:00:00+00:00,439286.0,266853.0,267064
2020-08-30 00:00:00+00:00,439286.0,268218.0,268546
2020-08-31 00:00:00+00:00,462858.0,269214.0,270133
2020-09-01 00:00:00+00:00,470973.0,270189.0,271705
2020-09-02 00:00:00+00:00,479554.0,271515.0,273301
2020-09-03 00:00:00+00:00,488513.0,272912.0,274943
2020-09-04 00:00:00+00:00,498989.0,274644.0,276555
2020-09-05 00:00:00+00:00,498989.0,276338.0,278228
2020-09-06 00:00:00+00:00,498989.0,277634.0,279806
2020-09-07 00:00:00+00:00,525549.0,278784.0,281509
2020-09-08 00:00:00+00:00,534513.0,280153.0,283270
2020-09-09 00:00:00+00:00,543379.0,281583.0,284943
2020-09-10 00:00:00+00:00,554143.0,283180.0,286455
2020-09-11 00:00:00+00:00,566326.0,284796.0,288126
2020-09-12 00:00:00+00:00,566326.0,286297.0,289635
2020-09-13 00:00:00+00:00,566326.0,287753.0,291162
2020-09-14 00:00:00+00:00,593730.0,288761.0,292878
2020-09-15 00:00:00+00:00,603167.0,289990.0,294620
2020-09-16 00:00:00+00:00,614360.0,291442.0,296391
2020-09-17 00:00:00+00:00,625651.0,293025.0,298039
2020-09-18 00:00:00+00:00,640040.0,294932.0,299810
2020-09-19 00:00:00+00:00,640040.0,296569.0,301348
2020-09-20 00:00:00+00:00,640040.0,298156.0,302867
2020-09-21 00:00:00+00:00,671468.0,299506.0,304610
2020-09-22 00:00:00+00:00,682267.0,300897.0,306302
2020-09-23 00:00:00+00:00,693556.0,302537.0,308069
2020-09-24 00:00:00+00:00,704209.0,304323.0,309790
2020-09-25 00:00:00+00:00,716481.0,306235.0,311455
2020-09-26 00:00:00+00:00,716481.0,308104.0,312966
2020-09-27 00:00:00+00:00,716481.0,309870.0,314433
2020-09-28 00:00:00+00:00,748266.0,311364.0,315845
2020-09-29 00:00:00+00:00,748266.0,313011.0,317272
2020-09-30 00:00:00+00:00,769188.0,314861.0,318663
2020-10-01 00:00:00+00:00,778607.0,317409.0,320070
2020-10-02 00:00:00+00:00,789932.0,319908.0,321512
2020-10-03 00:00:00+00:00,789932.0,322751.0,323014
2020-10-04 00:00:00+00:00,789932.0,325329.0,324443
2020-10-05 00:00:00+00:00,813412.0,327586.0,326046
2020-10-06 00:00:00+00:00,825410.0,330263.0,327557
2020-10-07 00:00:00+00:00,835901.0,333940.0,329138
2020-10-08 00:00:00+00:00,848324.0,338398.0,330753
2020-10-09 00:00:00+00:00,861112.0,343770.0,332382
2020-10-10 00:00:00+00:00,861112.0,349494.0,334031
2020-10-11 00:00:00+00:00,861112.0,354950.0,335533
2020-10-12 00:00:00+00:00,888968.0,359569.0,337147
2020-10-13 00:00:00+00:00,896086.0,365467.0,338779
2020-10-14 00:00:00+00:00,908056.0,372799.0,340450
2020-10-15 00:00:00+00:00,921374.0,381602.0,342143
2020-10-16 00:00:00+00:00,936560.0,391611.0,343955
2020-10-17 00:00:00+00:00,936560.0,402536.0,345678
2020-10-18 00:00:00+00:00,936560.0,414241.0,347493
2020-10-19 00:00:00+00:00,974449.0,423578.0,349519
2020-10-20 00:00:00+00:00,988322.0,434449.0,351413
2020-10-21 00:00:00+00:00,1005295.0,449648.0,353426
2020-10-22 00:00:00+00:00,1026281.0,465726.0,355528
2020-10-23 00:00:00+00:00,1046132.0,484869.0,357693
2020-10-24 00:00:00+00:00,1046132.0,504509.0,359784
2020-10-25 00:00:00+00:00,1046132.0,525782.0,361801
2020-10-26 00:00:00+00:00,1098320.0,542789.0,363999
2020-10-27 00:00:00+00:00,1116738.0,564778.0,366208
2020-10-28 00:00:00+00:00,1136503.0,589766.0,368513
2020-10-29 00:00:00+00:00,1160083.0,616595.0,370832
2020-10-30 00:00:00+00:00,1185678.0,647674.0,373154
2020-10-31 00:00:00+00:00,1185678.0,679430.0,375367
2020-11-01 00:00:00+00:00,1185678.0,709335.0,377473
2020-11-02 00:00:00+00:00,1240697.0,731588.0,379775
2020-11-03 00:00:00+00:00,1259366.0,759829.0,382118
2020-11-04 00:00:00+00:00,1284408.0,790377.0,384509
2020-11-05 00:00:00+00:00,1306316.0,824879.0,386820
2020-11-06 00:00:00+00:00,1328832.0,862681.0,389256
2020-11-07 00:00:00+00:00,1328832.0,902490.0,391739
2020-11-08 00:00:00+00:00,1328832.0,935104.0,394255
2020-11-09 00:00:00+00:00,1381218.0,960373.0,396831
2020-11-10 00:00:00+00:00,1381218.0,995463.0,399360
2020-11-11 00:00:00+00:00,1417709.0,1028424.0,402053
2020-11-12 00:00:00+00:00,1437220.0,1066401.0,404894
2020-11-13 00:00:00+00:00,1458591.0,1107303.0,407939
2020-11-14 00:00:00+00:00,1458591.0,1144552.0,411055
2020-11-15 00:00:00+00:00,1458591.0,1178529.0,414278
2020-11-16 00:00:00+00:00,1496864.0,1205881.0,417594
2020-11-17 00:00:00+00:00,1510023.0,1238072.0,421413
2020-11-18 00:00:00+00:00,1525341.0,1272352.0,425628
2020-11-19 00:00:00+00:00,1541574.0,1308528.0,430170
2020-11-20 00:00:00+00:00,1556730.0,1345767.0,435273
2020-11-21 00:00:00+00:00,1556730.0,1380531.0,440805
2020-11-22 00:00:00+00:00,1556730.0,1408868.0,446822
2020-11-23 00:00:00+00:00,1582616.0,1431795.0,453535
2020-11-24 00:00:00+00:00,1594844.0,1455022.0,460916
2020-11-25 00:00:00+00:00,1605066.0,1480874.0,467730
2020-11-26 00:00:00+00:00,1617355.0,1509875.0,503738
2020-11-27 00:00:00+00:00,1628208.0,1538217.0,548244
2020-11-28 00:00:00+00:00,1628208.0,1564532.0,578347
2020-11-29 00:00:00+00:00,1628208.0,1585178.0,607628
2020-11-30 00:00:00+00:00,1648187.0,1601554.0,638847
2020-12-01 00:00:00+00:00,1656444.0,1620901.0,668957
2020-12-02 00:00:00+00:00,1665775.0,1641610.0,700880
2020-12-03 00:00:00+00:00,1675902.0,1664829.0,733261
2020-12-04 00:00:00+00:00,1684647.0,1688939.0,765997
2020-12-05 00:00:00+00:00,1684647.0,1709991.0,797893
2020-12-06 00:00:00+00:00,1684647.0,1728878.0,828295
2020-12-07 00:00:00+00:00,1702328.0,1742557.0,860432
2020-12-08 00:00:00+00:00,1702328.0,1757394.0,893630
2020-12-09 00:00:00+00:00,1712101.0,1770149.0,925342
2020-12-10 00:00:00+00:00,1720056.0,1787147.0,1748567
2020-12-11 00:00:00+00:00,1730575.0,1805873.0,1780673
2020-12-12 00:00:00+00:00,1730575.0,1825775.0,1809809
2020-12-13 00:00:00+00:00,1730575.0,1843712.0,1836728
2020-12-14 00:00:00+00:00,1751884.0,1855737.0,1866345
2020-12-15 00:00:00+00:00,1762212.0,1870576.0,1898447
2020-12-16 00:00:00+00:00,1773290.0,1888144.0,1928165
2020-12-17 00:00:00+00:00,1785421.0,1906377.0,1955680
2020-12-18 00:00:00+00:00,1797236.0,1921778.0,1982090
2020-12-19 00:00:00+00:00,1797236.0,1938083.0,2004285
2020-12-20 00:00:00+00:00,1797236.0,1953185.0,2024601
2020-12-21 00:00:00+00:00,1819249.0,1964054.0,2043704
2020-12-22 00:00:00+00:00,1829903.0,1977370.0,2062960
2020-12-23 00:00:00+00:00,1842289.0,1991278.0,2082610
2020-12-24 00:00:00+00:00,1854951.0,2009317.0,2100712
2020-12-25 00:00:00+00:00,1854951.0,2028354.0,2118255
2020-12-26 00:00:00+00:00,1854951.0,2038759.0,2133373
2020-12-27 00:00:00+00:00,1854951.0,2047696.0,2147578
2020-12-28 00:00:00+00:00,1879413.0,2056277.0,2162775
2020-12-29 00:00:00+00:00,1893502.0,2067487.0,2178580
2020-12-30 00:00:00+00:00,1910218.0,2083689.0,2194272
2020-12-31 00:00:00+00:00,1928265.0,2107166.0,2208652
2021-01-01 00:00:00+00:00,1928265.0,2129376.0,2220855
2021-01-02 00:00:00+00:00,1928265.0,2141201.0,2232035
2021-01-03 00:00:00+00:00,1928265.0,2155446.0,2241912
2021-01-04 00:00:00+00:00,1958844.0,2166244.0,2255607
2021-01-05 00:00:00+00:00,1982544.0,2181619.0,2270101
2021-01-06 00:00:00+00:00,1982544.0,2201945.0,2283931
2021-01-07 00:00:00+00:00,2024904.0,2220361.0,2296102
2021-01-08 00:00:00+00:00,2050360.0,2237890.0,2307581
2021-01-09 00:00:00+00:00,2050360.0,2257866.0,2317118
2021-01-10 00:00:00+00:00,2050360.0,2276491.0,2326256
2021-01-11 00:00:00+00:00,2111782.0,2289021.0,2336476
2021-01-12 00:00:00+00:00,2137220.0,2303263.0,2346285
2021-01-13 00:00:00+00:00,2176089.0,2319036.0,2355839
2021-01-14 00:00:00+00:00,2211967.0,2336279.0,2364801
2021-01-15 00:00:00+00:00,2252164.0,2352423.0,2373115
2021-01-16 00:00:00+00:00,2252164.0,2368733.0,2380665
2021-01-17 00:00:00+00:00,2252164.0,2381277.0,2387101
2021-01-18 00:00:00+00:00,2336451.0,2390102.0,2392963
2021-01-19 00:00:00+00:00,2370742.0,2400598.0,2399781
2021-01-20 00:00:00+00:00,2412318.0,2414166.0,2406216
2021-01-21 00:00:00+00:00,2456675.0,2428221.0,2412505
2021-01-22 00:00:00+00:00,2499560.0,2441854.0,2418472
2021-01-23 00:00:00+00:00,2499560.0,2455185.0,2424328
2021-01-24 00:00:00+00:00,2499560.0,2466813.0,2429605
2021-01-25 00:00:00+00:00,2593382.0,2475372.0,2435247
2021-01-26 00:00:00+00:00,2629817.0,2485956.0,2442350
2021-01-27 00:00:00+00:00,2670102.0,2501147.0,2449839
2021-01-28 00:00:00+00:00,2705001.0,2515507.0,2457118
2021-01-29 00:00:00+00:00,2743119.0,2529070.0,2464030
2021-01-30 00:00:00+00:00,2743119.0,2541783.0,2470901
2021-01-31 00:00:00+00:00,2743119.0,2553032.0,2477463
2021-02-01 00:00:00+00:00,2822805.0,2560957.0,2485182
2021-02-02 00:00:00+00:00,2851869.0,2570608.0,2492977
2021-02-03 00:00:00+00:00,2883465.0,2583790.0,2501079
2021-02-04 00:00:00+00:00,2913425.0,2597446.0,2508988
2021-02-05 00:00:00+00:00,2941990.0,2611659.0,2516889
2021-02-06 00:00:00+00:00,2941990.0,2625098.0,2524786
2021-02-07 00:00:00+00:00,2941990.0,2636738.0,2531456
2021-02-08 00:00:00+00:00,2989085.0,2644707.0,2539559
2021-02-09 00:00:00+00:00,3005487.0,2655319.0,2548195
2021-02-10 00:00:00+00:00,3023601.0,2668266.0,2556837
2021-02-11 00:00:00+00:00,3041454.0,2683403.0,2564427
2021-02-12 00:00:00+00:00,3056035.0,2697296.0,2572190
2021-02-13 00:00:00+00:00,3056035.0,2710819.0,2579896
2021-02-14 00:00:00+00:00,3056035.0,2721879.0,2586183
2021-02-15 00:00:00+00:00,3086286.0,2729223.0,2594128
2021-02-16 00:00:00+00:00,3096343.0,2739591.0,2602034
2021-02-17 00:00:00+00:00,3107172.0,2751657.0,2609359
2021-02-18 00:00:00+00:00,3121687.0,2765412.0,2616600
2021-02-19 00:00:00+00:00,3133122.0,2780882.0,2624019
2021-02-20 00:00:00+00:00,3133122.0,2795796.0,2631876
2021-02-21 00:00:00+00:00,3133122.0,2809246.0,2638422
2021-02-22 00:00:00+00:00,3153971.0,2818863.0,2646526
2021-02-23 00:00:00+00:00,3161432.0,2832162.0,2655633
2021-02-24 00:00:00+00:00,3170644.0,2848564.0,2665194
2021-02-25 00:00:00+00:00,3180212.0,2868435.0,2674766
2021-02-26 00:00:00+00:00,3188553.0,2888923.0,2683971
2021-02-27 00:00:00+00:00,3188553.0,2907825.0,2693164
2021-02-28 00:00:00+00:00,3188553.0,2925265.0,2701588
2021-03-01 00:00:00+00:00,3204531.0,2938371.0,2711479
2021-03-02 00:00:00+00:00,3130184.0,2955434.0,2723316
2021-03-03 00:00:00+00:00,3136321.0,2976274.0,2734836
2021-03-04 00:00:00+00:00,3142358.0,2999119.0,2746158
2021-03-05 00:00:00+00:00,3149012.0,3023129.0,2757460
2021-03-06 00:00:00+00:00,3149012.0,3046762.0,2769230
2021-03-07 00:00:00+00:00,3149012.0,3067486.0,2780417
2021-03-08 00:00:00+00:00,3160970.0,3081368.0,2793632
2021-03-09 00:00:00+00:00,3164982.0,3101093.0,2807387
2021-03-10 00:00:00+00:00,3172101.0,3123368.0,2821943
2021-03-11 00:00:00+00:00,3178356.0,3149017.0,2835989
2021-03-12 00:00:00+00:00,3183704.0,3175807.0,2850930
2021-03-13 00:00:00+00:00,3183704.0,3201838.0,2866012
2021-03-14 00:00:00+00:00,3183704.0,3223142.0,2879390
2021-03-15 00:00:00+00:00,3195062.0,3238394.0,2894893
2021-03-16 00:00:00+00:00,3200024.0,3258770.0,2911642
2021-03-17 00:00:00+00:00,3206116.0,3281810.0,2930554
2021-03-18 00:00:00+00:00,3212332.0,3306711.0,2950603
2021-03-19 00:00:00+00:00,3212332.0,3332418.0,2971633
2021-03-20 00:00:00+00:00,3212332.0,3356331.0,2992694
2021-03-21 00:00:00+00:00,3212332.0,3376376.0,3013122
2021-03-22 00:00:00+00:00,3228803.0,3400877.0,3035338
2021-03-23 00:00:00+00:00,3234319.0,3419616.0,3061520
2021-03-24 00:00:00+00:00,3234319.0,3440862.0,3091282
2021-03-25 00:00:00+00:00,3247738.0,3464543.0,3120013
2021-03-26 00:00:00+00:00,3255324.0,3488619.0,3149094
2021-03-27 00:00:00+00:00,3255324.0,3512453.0,3179115
2021-03-28 00:00:00+00:00,3255324.0,3532057.0,3208173
2021-03-29 00:00:00+00:00,3270825.0,3544957.0,3240577
2021-03-30 00:00:00+00:00,3275819.0,3561012.0,3277880
2021-03-31 00:00:00+00:00,3284353.0,3584899.0,3317182
2021-04-01 00:00:00+00:00,3291394.0,3607083.0,3357988
2021-04-02 00:00:00+00:00,3291394.0,3629000.0,3400296
2021-04-03 00:00:00+00:00,3300965.0,3650247.0,3445052
2021-04-04 00:00:00+00:00,3300965.0,3668264.0,3487050
2021-04-05 00:00:00+00:00,3311325.0,3678944.0,3529601
2021-04-06 00:00:00+00:00,3317948.0,3686707.0,3579185
2021-04-07 00:00:00+00:00,3326736.0,3700393.0,3633925
2021-04-08 00:00:00+00:00,3336637.0,3717602.0,3689866
2021-04-09 00:00:00+00:00,3347512.0,3736526.0,3745657
2021-04-10 00:00:00+00:00,3347512.0,3754077.0,3798333
2021-04-11 00:00:00+00:00,3347512.0,3769814.0,3849011
2021-04-12 00:00:00+00:00,3370256.0,3779594.0,3903573
2021-04-13 00:00:00+00:00,3376548.0,3793033.0,3962760
2021-04-14 00:00:00+00:00,3387022.0,3809193.0,4025557
2021-04-15 00:00:00+00:00,3396685.0,3826156.0,4086957
2021-04-16 00:00:00+00:00,3407283.0,3842079.0,4150039
2021-04-17 00:00:00+00:00,3407283.0,3857443.0,4212645
2021-04-18 00:00:00+00:00,3407283.0,3870131.0,4268447
2021-04-19 00:00:00+00:00,3428354.0,3878994.0,4323596
2021-04-20 00:00:00+00:00,3428354.0,3891063.0,4384624
2021-04-21 00:00:00+00:00,3446072.0,3904899.0,4446591
2021-04-22 00:00:00+00:00,3456886.0,3920945.0,4501382
2021-04-23 00:00:00+00:00,3468617.0,3935703.0,4550820
2021-04-24 00:00:00+00:00,3468617.0,3949517.0,4591416
2021-04-25 00:00:00+00:00,3468617.0,3962674.0,4629969
2021-04-26 00:00:00+00:00,3488469.0,3971114.0,4667281
2021-04-27 00:00:00+00:00,3496134.0,3981512.0,4710582
2021-04-28 00:00:00+00:00,3504799.0,3994894.0,4751026
2021-04-29 00:00:00+00:00,3514942.0,4009208.0,4788700
2021-04-30 00:00:00+00:00,3524077.0,4022653.0,4820591
2021-05-01 00:00:00+00:00,3524077.0,4035617.0,4849408
2021-05-02 00:00:00+00:00,3524077.0,4044762.0,4875388
2021-05-03 00:00:00+00:00,3540430.0,4050708.0,4900121
2021-05-04 00:00:00+00:00,3544945.0,4059821.0,4929118
2021-05-05 00:00:00+00:00,3551262.0,4070400.0,4955594
2021-05-06 00:00:00+00:00,3559222.0,4082198.0,4977982
2021-05-07 00:00:00+00:00,3567408.0,4092747.0,4998089
2021-05-08 00:00:00+00:00,3567408.0,4102921.0,5016141
2021-05-09 00:00:00+00:00,3567408.0,4111210.0,5031332
2021-05-10 00:00:00+00:00,3581392.0,4116287.0,5044936
2021-05-11 00:00:00+00:00,3586333.0,4123230.0,5059433
2021-05-12 00:00:00+00:00,3592751.0,4131078.0,5072462
2021-05-13 00:00:00+00:00,3598452.0,4139160.0,5083996
2021-05-14 00:00:00+00:00,3604799.0,4146722.0,5095390
2021-05-15 00:00:00+00:00,3604799.0,4153374.0,5106862
2021-05-16 00:00:00+00:00,3604799.0,4159122.0,5117374
2021-05-17 00:00:00+00:00,3615860.0,4162576.0,5127548
2021-05-18 00:00:00+00:00,3619848.0,4167025.0,5139485
2021-05-19 00:00:00+00:00,3625928.0,4172525.0,5151038
2021-05-20 00:00:00+00:00,3631661.0,4178261.0,5160423
2021-05-21 00:00:00+00:00,3636453.0,4183476.0,5169951
2021-05-22 00:00:00+00:00,3636453.0,4188190.0,5178648
2021-05-23 00:00:00+00:00,3636453.0,4192183.0,5186487
2021-05-24 00:00:00+00:00,3647520.0,4194672.0,5194010
2021-05-25 00:00:00+00:00,3652879.0,4197892.0,5203385
2021-05-26 00:00:00+00:00,3657886.0,4201827.0,5212123
2021-05-27 00:00:00+00:00,3663176.0,4205970.0,5220549
2021-05-28 00:00:00+00:00,3668658.0,4209707.0,5228322
2021-05-29 00:00:00+00:00,3668658.0,4213055.0,5235978
2021-05-30 00:00:00+00:00,3668658.0,4216003.0,5242911
2021-05-31 00:00:00+00:00,3678390.0,4217821.0,5249404
2021-06-01 00:00:00+00:00,3682778.0,4220304.0,5256516
2021-06-02 00:00:00+00:00,3687762.0,4223200.0,5263697
2021-06-03 00:00:00+00:00,3693012.0,4225163.0,5270299
2021-06-04 00:00:00+00:00,3697981.0,4227719.0,5276468
2021-06-05 00:00:00+00:00,3697981.0,4230153.0,5282594
2021-06-06 00:00:00+00:00,3697981.0,4232428.0,5287980
2021-06-07 00:00:00+00:00,3707523.0,4233698.0,5293627
2021-06-08 00:00:00+00:00,3711027.0,4235592.0,5300236
2021-06-09 00:00:00+00:00,3715454.0,4237790.0,5306690
2021-06-10 00:00:00+00:00,3729458.0,4239868.0,5313098
2021-06-11 00:00:00+00:00,3733600.0,4241760.0,5319359
2021-06-12 00:00:00+00:00,3733600.0,4243482.0,5325435
2021-06-13 00:00:00+00:00,3733600.0,4244872.0,5330447
2021-06-14 00:00:00+00:00,3741767.0,4245779.0,5336073
2021-06-15 00:00:00+00:00,3745199.0,4247032.0,5342028
2021-06-16 00:00:00+00:00,3749031.0,4248432.0,5348249
2021-06-17 00:00:00+00:00,3753228.0,4249755.0,5354153
2021-06-18 00:00:00+00:00,3757442.0,4250902.0,5359728
2021-06-19 00:00:00+00:00,3757442.0,4252095.0,5365208
2021-06-20 00:00:00+00:00,3757442.0,4252976.0,5370299
2021-06-21 00:00:00+00:00,3764651.0,4253460.0,5375593
2021-06-22 00:00:00+00:00,3768691.0,4254294.0,5381736
2021-06-23 00:00:00+00:00,3773032.0,4255434.0,5387545
2021-06-24 00:00:00+00:00,3777539.0,4255700.0,5393248
2021-06-25 00:00:00+00:00,3782463.0,4256451.0,5398878
2021-06-26 00:00:00+00:00,3782463.0,4257289.0,5404144
2021-06-27 00:00:00+00:00,3782463.0,4258069.0,5409027
2021-06-28 00:00:00+00:00,3792642.0,4258456.0,5414310
2021-06-29 00:00:00+00:00,3799733.0,4259133.0,5420156
2021-06-30 00:00:00+00:00,3808960.0,4259909.0,5425652
2021-07-01 00:00:00+00:00,3821305.0,4260788.0,5430940
2021-07-02 00:00:00+00:00,3833868.0,4261582.0,5435831
2021-07-03 00:00:00+00:00,3833868.0,4262511.0,5440368
2021-07-04 00:00:00+00:00,3833868.0,4263317.0,5444786
2021-07-05 00:00:00+00:00,3866475.0,4263797.0,5449464
2021-07-06 00:00:00+00:00,3880612.0,4264704.0,5454763
2021-07-07 00:00:00+00:00,3897996.0,4265714.0,5459923
2021-07-08 00:00:00+00:00,3915313.0,4267105.0,5465094
2021-07-09 00:00:00+00:00,3937192.0,4268491.0,5470764
2021-07-10 00:00:00+00:00,3937192.0,4269885.0,5476294
2021-07-11 00:00:00+00:00,3937192.0,4271276.0,5481555
2021-07-12 00:00:00+00:00,3971124.0,4272163.0,5486959
2021-07-13 00:00:00+00:00,4015084.0,4273693.0,5493244
2021-07-14 00:00:00+00:00,4041474.0,4275846.0,5500151
2021-07-15 00:00:00+00:00,4069162.0,4278319.0,5507455
2021-07-16 00:00:00+00:00,4100222.0,4281214.0,5514373
2021-07-17 00:00:00+00:00,4100222.0,4284332.0,5522039
2021-07-18 00:00:00+00:00,4100222.0,4287458.0,5529719
2021-07-19 00:00:00+00:00,4161850.0,4289528.0,5537386
2021-07-20 00:00:00+00:00,4189136.0,4293083.0,5546166
2021-07-21 00:00:00+00:00,4219723.0,4297337.0,5554317
2021-07-22 00:00:00+00:00,4249258.0,4302393.0,5563903
2021-07-23 00:00:00+00:00,4280429.0,4307535.0,5574997
2021-07-24 00:00:00+00:00,4280429.0,4312673.0,5587378
2021-07-25 00:00:00+00:00,4280429.0,4317415.0,5601608
2021-07-26 00:00:00+00:00,4342054.0,4320530.0,5618417
2021-07-27 00:00:00+00:00,4368453.0,4325046.0,5638178
2021-07-28 00:00:00+00:00,4395602.0,4330739.0,5660469
2021-07-29 00:00:00+00:00,4422291.0,4336906.0,5682630
2021-07-30 00:00:00+00:00,4447044.0,4343519.0,5704713
2021-07-31 00:00:00+00:00,4447044.0,4350028.0,5727045
2021-08-01 00:00:00+00:00,4447044.0,4355348.0,5747935
2021-08-02 00:00:00+00:00,4502983.0,4358533.0,5770833
2021-08-03 00:00:00+00:00,4523310.0,4363374.0,5795665
2021-08-04 00:00:00+00:00,4545184.0,4369964.0,5822487
2021-08-05 00:00:00+00:00,4566571.0,4377188.0,5846784
2021-08-06 00:00:00+00:00,4588132.0,4383787.0,5870741
2021-08-07 00:00:00+00:00,4588132.0,4390684.0,5895841
2021-08-08 00:00:00+00:00,4588132.0,4396417.0,5918540
2021-08-09 00:00:00+00:00,4627770.0,4400617.0,5942271
2021-08-10 00:00:00+00:00,4643450.0,4406241.0,5968868
2021-08-11 00:00:00+00:00,4660473.0,4413162.0,5996224
2021-08-12 00:00:00+00:00,4677883.0,4420429.0,6018485
2021-08-13 00:00:00+00:00,4693540.0,4427827.0,6039857
2021-08-14 00:00:00+00:00,4693540.0,4435008.0,6059806
2021-08-15 00:00:00+00:00,4693540.0,4440669.0,6078653
2021-08-16 00:00:00+00:00,4719266.0,4444338.0,6096816
2021-08-17 00:00:00+00:00,4733602.0,4449606.0,6118508
2021-08-18 00:00:00+00:00,4745558.0,4456765.0,6138452
2021-08-19 00:00:00+00:00,4758003.0,4464005.0,6157772
2021-08-20 00:00:00+00:00,4770453.0,4471225.0,6177690
2021-08-21 00:00:00+00:00,4770453.0,4478691.0,6197041
2021-08-22 00:00:00+00:00,4770453.0,4484613.0,6215663
2021-08-23 00:00:00+00:00,4794352.0,4488779.0,6234520
2021-08-24 00:00:00+00:00,4804424.0,4494857.0,6253711
2021-08-25 00:00:00+00:00,4815205.0,4502396.0,6273681
2021-08-26 00:00:00+00:00,4822320.0,4509611.0,6293297
2021-08-27 00:00:00+00:00,4831809.0,4517434.0,6311637
2021-08-28 00:00:00+00:00,4831809.0,4524292.0,6329549
2021-08-29 00:00:00+00:00,4831809.0,4530246.0,6346881
2021-08-30 00:00:00+00:00,4847298.0,4534499.0,6366438
2021-08-31 00:00:00+00:00,4855065.0,4539991.0,6388331
2021-09-01 00:00:00+00:00,4861883.0,4546487.0,6412277
2021-09-02 00:00:00+00:00,4871444.0,4553241.0,6435773
2021-09-03 00:00:00+00:00,4877755.0,4559970.0,6458630
2021-09-04 00:00:00+00:00,4877755.0,4566126.0,6478663
2021-09-05 00:00:00+00:00,4877755.0,4571440.0,6498054
2021-09-06 00:00:00+00:00,4887112.0,4574787.0,6519016
2021-09-07 00:00:00+00:00,4892640.0,4579502.0,6542654
2021-09-08 00:00:00+00:00,4898258.0,4585423.0,6566568
2021-09-09 00:00:00+00:00,4903021.0,4590941.0,6590414
2021-09-10 00:00:00+00:00,4907461.0,4596558.0,6613976
2021-09-11 00:00:00+00:00,4907461.0,4601749.0,6636899
2021-09-12 00:00:00+00:00,4907461.0,4606413.0,6658251
2021-09-13 00:00:00+00:00,4915265.0,4609205.0,6682864
2021-09-14 00:00:00+00:00,4918526.0,4613214.0,6710666
2021-09-15 00:00:00+00:00,4922249.0,4618040.0,6738890
2021-09-16 00:00:00+00:00,4926324.0,4623155.0,6767008
2021-09-17 00:00:00+00:00,4929546.0,4627699.0,6794700
2021-09-18 00:00:00+00:00,4929546.0,4632275.0,6820861
2021-09-19 00:00:00+00:00,4929546.0,4636111.0,6847259
2021-09-20 00:00:00+00:00,4935534.0,4638516.0,6874947
2021-09-21 00:00:00+00:00,4937984.0,4641890.0,6904285
2021-09-22 00:00:00+00:00,4940824.0,4645853.0,6932453
2021-09-23 00:00:00+00:00,4943855.0,4649906.0,6960297
2021-09-24 00:00:00+00:00,4946601.0,4653696.0,6987494
2021-09-25 00:00:00+00:00,4946601.0,4657215.0,7013639
2021-09-26 00:00:00+00:00,4946601.0,4660314.0,7039500
2021-09-27 00:00:00+00:00,4951640.0,4662087.0,7066688
2021-09-28 00:00:00+00:00,4953930.0,4665049.0,7095580
2021-09-29 00:00:00+00:00,4956691.0,4668261.0,7124966
2021-09-30 00:00:00+00:00,4959091.0,4672355.0,7154070
2021-10-01 00:00:00+00:00,4961128.0,4675758.0,7182943
2021-10-02 00:00:00+00:00,4961128.0,4679067.0,7210916
2021-10-03 00:00:00+00:00,4961128.0,4682034.0,7238267
2021-10-04 00:00:00+00:00,4965399.0,4683646.0,7267077
2021-10-05 00:00:00+00:00,4967200.0,4686109.0,7296879
2021-10-06 00:00:00+00:00,4969503.0,4689341.0,7327317
2021-10-07 00:00:00+00:00,4971310.0,4692274.0,7357336
2021-10-08 00:00:00+00:00,4973619.0,4695291.0,7387537
2021-10-09 00:00:00+00:00,4973619.0,4698038.0,7416182
2021-10-10 00:00:00+00:00,4973619.0,4700316.0,7444552
2021-10-11 00:00:00+00:00,4977448.0,4701832.0,7475115
2021-10-12 00:00:00+00:00,4977448.0,4704318.0,7508975
2021-10-13 00:00:00+00:00,4980206.0,4707087.0,7540223
2021-10-14 00:00:00+00:00,4982138.0,4709753.0,7570932
2021-10-15 00:00:00+00:00,4984386.0,4712482.0,7601626
2021-10-16 00:00:00+00:00,4984386.0,4715464.0,7630163
2021-10-17 00:00:00+00:00,4984386.0,4717899.0,7654277
2021-10-18 00:00:00+00:00,4988878.0,4719493.0,7683517
2021-10-19 00:00:00+00:00,4990767.0,4722188.0,7714379
2021-10-20 00:00:00+00:00,4993295.0,4725887.0,7744139
2021-10-21 00:00:00+00:00,4995176.0,4729678.0,7772604
2021-10-22 00:00:00+00:00,4997732.0,4733557.0,7800796
2021-10-23 00:00:00+00:00,4997732.0,4737462.0,7827013
2021-10-24 00:00:00+00:00,4997732.0,4741185.0,7851805
2021-10-25 00:00:00+00:00,5002217.0,4743720.0,7879468
2021-10-26 00:00:00+00:00,5004143.0,4747773.0,7909111
2021-10-27 00:00:00+00:00,5006675.0,4752368.0,7936007
2021-10-28 00:00:00+00:00,5008887.0,4757231.0,7961535
2021-10-29 00:00:00+00:00,5011148.0,4762563.0,7985944
2021-10-30 00:00:00+00:00,5011148.0,4767440.0,8009040
2021-10-31 00:00:00+00:00,5011148.0,4771965.0,8032988
2021-11-01 00:00:00+00:00,5011148.0,4774783.0,8061666
2021-11-02 00:00:00+00:00,5016968.0,4777614.0,8091462
2021-11-03 00:00:00+00:00,5019255.0,4782802.0,8121226
2021-11-04 00:00:00+00:00,5022546.0,4788704.0,8150708
2021-11-05 00:00:00+00:00,5025639.0,4795465.0,8178901
2021-11-06 00:00:00+00:00,5025639.0,4802225.0,8206375
2021-11-07 00:00:00+00:00,5025639.0,4808047.0,8231679
2021-11-08 00:00:00+00:00,5032056.0,4812594.0,8259503
2021-11-09 00:00:00+00:00,5032056.0,4818705.0,8288165
2021-11-10 00:00:00+00:00,5038517.0,4826738.0,8315424
2021-11-11 00:00:00+00:00,5042803.0,4835435.0,8340322
2021-11-12 00:00:00+00:00,5047156.0,4843957.0,8363959
2021-11-13 00:00:00+00:00,5047156.0,4852496.0,8386542
2021-11-14 00:00:00+00:00,5047156.0,4860061.0,8408166
2021-11-15 00:00:00+00:00,5056954.0,4865260.0,8432018
2021-11-16 00:00:00+00:00,5061045.0,4873075.0,8457119
2021-11-17 00:00:00+00:00,5067712.0,4883242.0,8480986
2021-11-18 00:00:00+00:00,5074027.0,4893887.0,8503220
2021-11-19 00:00:00+00:00,5080663.0,4904441.0,8527030
2021-11-20 00:00:00+00:00,5080663.0,4915981.0,8550377
2021-11-21 00:00:00+00:00,5080663.0,4925688.0,8571554
2021-11-22 00:00:00+00:00,5096538.0,4932091.0,8596410
2021-11-23 00:00:00+00:00,5103315.0,4942135.0,8624580
2021-11-24 00:00:00+00:00,5111842.0,4954585.0,8652172
2021-11-25 00:00:00+00:00,5121100.0,4968341.0,8676639
2021-11-26 00:00:00+00:00,5131012.0,4982022.0,8700641
2021-11-27 00:00:00+00:00,5131012.0,4994891.0,8724400
2021-11-28 00:00:00+00:00,5131012.0,5007818.0,8746055
2021-11-29 00:00:00+00:00,5153923.0,5015790.0,8770372
2021-11-30 00:00:00+00:00,5164184.0,5028547.0,8795588
2021-12-01 00:00:00+00:00,5174720.0,5043620.0,8818144
2021-12-02 00:00:00+00:00,5189220.0,5060430.0,8839891
2021-12-03 00:00:00+00:00,5202958.0,5077445.0,8861386
2021-12-04 00:00:00+00:00,5202958.0,5094072.0,8881760
2021-12-05 00:00:00+00:00,5202958.0,5109082.0,8901117
2021-12-06 00:00:00+00:00,5202958.0,5118576.0,8921150
2021-12-07 00:00:00+00:00,5246766.0,5134318.0,8943837
2021-12-08 00:00:00+00:00,5246766.0,5152264.0,8964711
2021-12-09 00:00:00+00:00,5273178.0,5164780.0,8984407
2021-12-10 00:00:00+00:00,5290273.0,5185270.0,9002968
2021-12-11 00:00:00+00:00,5290190.0,5206305.0,9022223
2021-12-12 00:00:00+00:00,5290190.0,5225517.0,9040179
2021-12-13 00:00:00+00:00,5339992.0,5238221.0,9058975
2021-12-14 00:00:00+00:00,5366128.0,5258886.0,9080452
2021-12-15 00:00:00+00:00,5393268.0,5282076.0,9100324
2021-12-16 00:00:00+00:00,5422168.0,5308180.0,9118424
2021-12-17 00:00:00+00:00,5455527.0,5336795.0,9136565
2021-12-18 00:00:00+00:00,5455527.0,5364852.0,9154209
2021-12-19 00:00:00+00:00,5455527.0,5389155.0,9171119
2021-12-20 00:00:00+00:00,5535231.0,5405360.0,9189881
2021-12-21 00:00:00+00:00,5585054.0,5436143.0,9209740
2021-12-22 00:00:00+00:00,5645095.0,5472469.0,9228835
2021-12-23 00:00:00+00:00,5718007.0,5517054.0,9247606
2021-12-24 00:00:00+00:00,5718007.0,5567644.0,9266516
2021-12-25 00:00:00+00:00,5718007.0,5622431.0,9286986
2021-12-26 00:00:00+00:00,5718007.0,5647313.0,9307124
2021-12-27 00:00:00+00:00,5932626.0,5678112.0,9333223
2021-12-28 00:00:00+00:00,6032297.0,5756412.0,9365399
2021-12-29 00:00:00+00:00,6133057.0,5854428.0,9402083
2021-12-30 00:00:00+00:00,6294745.0,5981428.0,9441764
2021-12-31 00:00:00+00:00,6294745.0,6125683.0,9482550
2022-01-01 00:00:00+00:00,6294745.0,6266939.0,9519281
2022-01-02 00:00:00+00:00,6294745.0,6328076.0,9552801
2022-01-03 00:00:00+00:00,6667511.0,6396110.0,9597670
2022-01-04 00:00:00+00:00,6785286.0,6566947.0,9652394
2022-01-05 00:00:00+00:00,6922466.0,6756035.0,9718861
2022-01-06 00:00:00+00:00,6922466.0,6975465.0,9787274
2022-01-07 00:00:00+00:00,7164906.0,7083762.0,9850488
2022-01-08 00:00:00+00:00,7164906.0,7281297.0,9916725
2022-01-09 00:00:00+00:00,7164906.0,7436939.0,9978452
2022-01-10 00:00:00+00:00,7457300.0,7554344.0,10043688
2022-01-11 00:00:00+00:00,7592242.0,7774863.0,10117954
2022-01-12 00:00:00+00:00,7771367.0,7971068.0,10195676
2022-01-13 00:00:00+00:00,7930528.0,8155645.0,10271240
2022-01-14 00:00:00+00:00,8093036.0,8356514.0,10339097
2022-01-15 00:00:00+00:00,8093036.0,8549450.0,10403064
2022-01-16 00:00:00+00:00,8093036.0,8706915.0,10457164
2022-01-17 00:00:00+00:00,8424503.0,8790302.0,10522099
2022-01-18 00:00:00+00:00,8518975.0,9018425.0,10591757
2022-01-19 00:00:00+00:00,8676916.0,9219391.0,10664372
2022-01-20 00:00:00+00:00,8834363.0,9418256.0,10736215
2022-01-21 00:00:00+00:00,8975458.0,9603856.0,10808770
2022-01-22 00:00:00+00:00,8975458.0,9781191.0,10881626
2022-01-23 00:00:00+00:00,8975458.0,9923678.0,10947129
2022-01-24 00:00:00+00:00,9280890.0,10001344.0,11014152
2022-01-25 00:00:00+00:00,9395767.0,10212621.0,11090493
2022-01-26 00:00:00+00:00,9529320.0,10383561.0,11167927
2022-01-27 00:00:00+00:00,9660208.0,10539601.0,11250107
2022-01-28 00:00:00+00:00,9779130.0,10683948.0,11343693
2022-01-29 00:00:00+00:00,9779130.0,10821375.0,11438476
2022-01-30 00:00:00+00:00,9779130.0,10925485.0,11526621
2022-01-31 00:00:00+00:00,9961253.0,10983116.0,11619882
2022-02-01 00:00:00+00:00,10039126.0,11116422.0,11722483
2022-02-02 00:00:00+00:00,10125348.0,11235745.0,11833165
2022-02-03 00:00:00+00:00,10199716.0,11348701.0,11940695
2022-02-04 00:00:00+00:00,10199716.0,11449601.0,12051852
2022-02-05 00:00:00+00:00,10199716.0,11542793.0,12150567
2022-02-06 00:00:00+00:00,10199716.0,11621736.0,12238501
2022-02-07 00:00:00+00:00,10395471.0,11663338.0,12335015
2022-02-08 00:00:00+00:00,10439302.0,11765767.0,12446111
2022-02-09 00:00:00+00:00,10502141.0,11847436.0,12554674
2022-02-10 00:00:00+00:00,10555196.0,11923631.0,12653276
2022-02-11 00:00:00+00:00,10604200.0,11991109.0,12748341
2022-02-12 00:00:00+00:00,10604200.0,12053330.0,12834534
2022-02-13 00:00:00+00:00,10604200.0,12105675.0,12908321
2022-02-14 00:00:00+00:00,10672906.0,12134451.0,12984953
2022-02-15 00:00:00+00:00,10707286.0,12205474.0,13079683
2022-02-16 00:00:00+00:00,10744394.0,12265343.0,13173859
2022-02-17 00:00:00+00:00,10778607.0,12323398.0,13266265
2022-02-18 00:00:00+00:00,10809222.0,12377098.0,13353676
2022-02-19 00:00:00+00:00,10809222.0,12427773.0,13434130
2022-02-20 00:00:00+00:00,10809222.0,12469975.0,13504485
2022-02-21 00:00:00+00:00,10858000.0,12494459.0,13589511
2022-02-22 00:00:00+00:00,10880193.0,12554596.0,13675581
2022-02-23 00:00:00+00:00,10914105.0,12603758.0,13762181
2022-02-24 00:00:00+00:00,10949997.0,12651251.0,13841889
2022-02-25 00:00:00+00:00,10977524.0,12693320.0,13913625
2022-02-26 00:00:00+00:00,10977524.0,12732680.0,13975389
2022-02-27 00:00:00+00:00,10977524.0,12764558.0,14025181
2022-02-28 00:00:00+00:00,10977524.0,12782836.0,14089456
2022-03-01 00:00:00+00:00,11036085.0,12829972.0,14149341
2022-03-02 00:00:00+00:00,11054888.0,12867918.0,14206121
2022-03-03 00:00:00+00:00,11078028.0,12910506.0,14255545
2022-03-04 00:00:00+00:00,11100428.0,12948859.0,14293828
2022-03-05 00:00:00+00:00,11100428.0,12990223.0,14326217
2022-03-06 00:00:00+00:00,11100428.0,13026112.0,14353888
2022-03-07 00:00:00+00:00,11136425.0,13048774.0,14388231
2022-03-08 00:00:00+00:00,11159574.0,13109527.0,14425638
2022-03-09 00:00:00+00:00,11181510.0,13159342.0,14458881
2022-03-10 00:00:00+00:00,11204125.0,13214498.0,14488373
2022-03-11 00:00:00+00:00,11223974.0,13268459.0,14513774
2022-03-12 00:00:00+00:00,11223974.0,13323179.0,14534239
2022-03-13 00:00:00+00:00,11223974.0,13373207.0,14551665
2022-03-14 00:00:00+00:00,11223974.0,13402905.0,14576069
2022-03-15 00:00:00+00:00,11260040.0,13489319.0,14600683
2022-03-16 00:00:00+00:00,11260040.0,13563466.0,14623028
2022-03-17 00:00:00+00:00,11260040.0,13645834.0,14644382
2022-03-18 00:00:00+00:00,11324637.0,13724411.0,14663508
2022-03-19 00:00:00+00:00,11324637.0,13800179.0,14680836
2022-03-20 00:00:00+00:00,11324637.0,13861743.0,14693917
2022-03-21 00:00:00+00:00,11324637.0,13895188.0,14708850
2022-03-22 00:00:00+00:00,11378784.0,13992092.0,14726276
2022-03-23 00:00:00+00:00,11378784.0,14070450.0,14743437
2022-03-24 00:00:00+00:00,11378784.0,14153098.0,14760331
2022-03-25 00:00:00+00:00,11451676.0,14229495.0,14775634
2022-03-26 00:00:00+00:00,11451676.0,14304111.0,14789483
2022-03-27 00:00:00+00:00,11451676.0,14364723.0,14800677
2022-03-28 00:00:00+00:00,11451676.0,14396283.0,14815041
2022-03-29 00:00:00+00:00,11508309.0,14496579.0,14831231
2022-03-30 00:00:00+00:00,11508309.0,14567990.0,14846224
2022-03-31 00:00:00+00:00,11508309.0,14642354.0,14860560
2022-04-01 00:00:00+00:00,11551574.0,14719394.0,14873927
2022-04-02 00:00:00+00:00,11551574.0,14790806.0,14885710
2022-04-03 00:00:00+00:00,11551574.0,14845815.0,14894731
2022-04-04 00:00:00+00:00,11551574.0,14877144.0,14907378
2022-04-05 00:00:00+00:00,11578653.0,14966058.0,14919591
2022-04-06 00:00:00+00:00,11578653.0,15035943.0,14929905
2022-04-07 00:00:00+00:00,11578653.0,15106066.0,14939259
2022-04-08 00:00:00+00:00,11627487.0,15173707.0,14946379
2022-04-09 00:00:00+00:00,11627487.0,15238128.0,14953365
2022-04-10 00:00:00+00:00,11627487.0,15292048.0,14958974
2022-04-11 00:00:00+00:00,11627487.0,15320753.0,14965867
2022-04-12 00:00:00+00:00,11662214.0,15404809.0,14972502
2022-04-13 00:00:00+00:00,11662214.0,15467395.0,14978031
2022-04-14 00:00:00+00:00,11662214.0,15533012.0,14983158
2022-04-15 00:00:00+00:00,11662214.0,15595302.0,14987583
2022-04-16 00:00:00+00:00,11662214.0,15659835.0,14991669
2022-04-17 00:00:00+00:00,11662214.0,15712088.0,14994937
2022-04-18 00:00:00+00:00,11662214.0,15730676.0,14999479
2022-04-19 00:00:00+00:00,11736893.0,15758002.0,15003696
2022-04-20 00:00:00+00:00,11736893.0,15858442.0,15007364
2022-04-21 00:00:00+00:00,11736893.0,15934437.0,15010718
2022-04-22 00:00:00+00:00,11786036.0,16008181.0,15013616
2022-04-23 00:00:00+00:00,11786036.0,16079209.0,15016270
2022-04-24 00:00:00+00:00,11786036.0,16136057.0,15018547
2022-04-25 00:00:00+00:00,11786036.0,16161339.0,15021151
2022-04-26 00:00:00+00:00,11833457.0,16191323.0,15023662
2022-04-27 00:00:00+00:00,11833457.0,16279754.0,15026141
2022-04-28 00:00:00+00:00,11833457.0,16349788.0,15028397
2022-04-29 00:00:00+00:00,11833457.0,16409183.0,15030321
2022-04-30 00:00:00+00:00,11896152.0,16463200.0,15032093
2022-05-01 00:00:00+00:00,11893480.0,16504791.0,15033573
2022-05-02 00:00:00+00:00,11896152.0,16523859.0,15034917
2022-05-03 00:00:00+00:00,11896152.0,16586268.0,15036110
2022-05-04 00:00:00+00:00,,,15036110
